순서,목록,인원,회사,감독,연두,키키,고래,콩난,귤젤리,태산,러프,태규,물망쵸,무디,내장지방,돌멩이,돌게,아마추어,찐빵,결,땅물,SUN,오네,제로,피아,동그리,바다,범신,은,소장(괄호:대여)
0,리스트 마지막 업뎃일자,-,,1/19,1.26,1/26,8/15,12/3,01/25,01/25,1/1,1/13,10/30,11/24,10/31,11/04,11/04,11/05,11/24,12/24,08/27,11/11,01/26,01/26,01/01,11/01,11/30,11/01,11/01,
0,🎓졸업률🎓,-,,146/276,120/276,147/276,65/276,182/276,88/276,155/276,67/276,66/276,54/276,48/276,46/276,63/276,24/276,45/276,30/276,27/276,25/276,75/276,122/276,125/276,97/276,13/276,15/276,62/276,6/276,
1,MMM 시리즈 : 시체와 온천,4-5인,언더독 게임즈,완료,완료,완료,완료,완료,X,완료,X,,,완료,완료,완료,완료,,완료,,,완료,완료,완료,완료,,,완료,,"감독,귤젤리,콩난"
2,MMM 시리즈 : 웬디 어른이 되렴,4-5인,언더독 게임즈,완료,완료,완료,완료,완료,완료,완료,완료,,완료,완료,완료,완료,,완료,완료,완료,완료,완료,완료,완료,완료,,,완료,,"감독, 귤젤리,콩난"
3,MMM 시리즈 : 시간을 달리는 트라이앵글,3인,언더독 게임즈,완료,완료,완료,완료,완료,완료,완료,완료,,완료,,완료,완료,완료,완료,,완료,완료,완료,완료,완료,완료,,,,,"감독,귤젤리,콩난"
4,MMM 시리즈 : 보랏못 리라이트,2인,언더독 게임즈,완료,완료,완료,완료,완료,완료,완료,X,,,완료,,완료,,,완료,,,완료,완료,완료,완료,,,,,"감독,귤젤리,콩난"
5,MMM 시리즈 : 문스톤 저택 살인사건,4인,언더독 게임즈,완료,X,완료,완료,완료,X,완료,완료,,,,,완료,,,,,,완료,완료,완료,완료,,,완료,,"감독,콩난"
6,MMM 시리즈 : 카나리아는 지저귀지 않는다,4인,언더독 게임즈,완료,X,완료,,완료,X,완료,완료,,완료,,,,,완료,,,,완료,완료,완료,완료,,,,,"감독,콩난"
7,MMM 시리즈 : 교토 이세계 투어,4인,언더독 게임즈,완료,X,완료,완료,완료,X,완료,X,,,,,완료,,,,,,완료,완료,완료,완료,,,완료,,"감독,콩난"
8,MMM 시리즈 : 별장살인,5-6인,언더독 게임즈,완료,X,완료,완료,완료,완료,완료,완료,완료,완료,,,완료,,완료,완료,,,완료,완료,완료,완료,,,,,"감독,콩난"
9,MMM 시리즈 : 주말의 살인귀,2인,언더독 게임즈,완료,완료,완료,X,완료,완료,완료,X,,,,완료,,,,,,,완료,완료,완료,완료,,,,,"감독,귤젤리,콩난"
10,MMM 시리즈 : 안개가 떨어지는 고개,4인,언더독 게임즈,완료,X,완료,X,완료,X,완료,X,,,완료,,,,,,,,완료,완료,완료,완료,,,완료,,"감독,콩난"
11,MMM 시리즈 : 최후의 수아레,5인,언더독 게임즈,완료,완료,완료,X,완료,X,완료,완료,완료,완료,완료,,완료,,완료,,,,,완료,완료,완료,,,,,감독
12,MMM 시리즈 : 미싱 파이터,4인,언더독 게임즈,완료,X,완료,완료,완료,완료,완료,완료,완료,완료,,완료,완료,완료,완료,,완료,완료,완료,완료,완료,완료,완료,,완료,완료,감독
13,탐정시드 업다이크 슬로터즈 팰러스,6인,언더독 게임즈,완료,완료,완료,완료,완료,완료,완료,완료,완료,,,,,,완료,,,,완료,완료,완료,완료,,,완료,,감독
14,탐정시드 업다이크 칼라미티 트루퍼즈,6인,언더독 게임즈,완료,완료,완료,완료,완료,완료,완료,완료,완료,,,완료,완료,완료,,,,,완료,완료,완료,완료,,,완료,,감독
15,탐정시드 업다이크 리썰 캐시,6인,언더독 게임즈,완료,완료,완료,X,완료,완료,완료,X,,,,,,,,,,,완료,완료,완료,,,,완료,,감독
16,탐정시드 업다이크 모노스태틱 X,6인,언더독 게임즈,완료,완료,완료,,완료,완료,완료,X,,,,,완료,완료,,,,,완료,완료,완료,,,,,,감독
17,탐정 시드업다이크 에이전트 버서스,5인,언더독 게임즈,X,X,,,,,,,,,,,,,,,,,,X,X,,,,,,감독
18,앵커 미스터리 : 코로나가 잦아든 땅에서,3-4인,언더독 게임즈,X,X,완료,,완료,X,,X,,,,,,,,,,,완료,완료,완료,,,,,,감독
19,앵커 미스터리 : 서양식 갑옷이 우는 저택,3-4인,언더독 게임즈,X,X,X,,완료,X,,X,,,,,,,,,완료,,완료,완료,완료,,,,,,감독
20,괴도 에트워스의 발칙한 도전,4인,언더독 게임즈,X,완료,X,X,완료,완료,완료,X,,완료,,,,,완료,,,,,완료,완료,,,,,,"감독,귤젤리"
21,모텔 노바디,4인,언더독 게임즈,완료,완료,완료,,완료,X,완료,X,완료,,,완료,,,,,,,완료,완료,완료,,,,완료,,"감독,귤젤리"
22,DOTs & LINEs : 결단,2인,언더독 게임즈,완료,X,X,,완료,X,,X,,,,,,,,,,,완료,완료,완료,,,,,,감독
23,라이노 교수가 아는 다가올 오늘중의 죽음,5인,언더독 게임즈,완료,X,완료,완료,완료,완료,완료,완료,완료,,예정,완료,,,,,완료,완료,완료,X,X,완료,,,완료,,"감독,귤젤리"
24,황홀한 돼지,4인,언더독 게임즈,완료,X,완료,,완료,X,,X,,,,,,,,,,,,완료,완료,,,,,,SUN
25,스위트 홈 작은 교회,4인,언더독 게임즈,완료,X,완료,,완료,X,완료,완료,,완료,,,완료,,,,,,완료,완료,완료,,,,,,"감독,콩난"
26,설화와 회색빛 몽견초,5인,언더독 게임즈,완료,X,완료,완료,완료,완료,완료,완료,,,완료,,완료,완료,,,,,완료,완료,완료,완료,,,완료,,감독
27,설화와 해바라기 베이커리 ,5인,언더독 게임즈,완료,X,완료,완료,완료,완료,완료,완료,,,완료,,완료,완료,,,,,완료,완료,완료,완료,,,완료,,감독
28,보성전 살인,4인,언더독 게임즈,완료,완료,완료,완료,완료,완료,완료,X,완료,완료,완료,,,,완료,,,,완료,완료,완료,완료,,,,,"감독,콩난"
29,낙원 주점,4인,언더독 게임즈,완료,X,완료,,완료,X,완료,X,완료,,,완료,,,,,,,,완료,완료,완료,,,완료,,"감독,콩난"
30,스페이스 퐁퐁호 살인사건,4인,언더독 게임즈,완료,완료,완료,완료,완료,X,완료,완료,완료,완료,,,,,,완료,,,완료,X,X,,,,,,감독
31,카르네아데스의 음영,4-8인,언더독 게임즈,완료,X,완료,완료,완료,완료,완료,완료,완료,완료,,완료,,,,,,완료,,완료,완료,완료,완료,완료,,완료,감독
32,크세르크세스의 그림자,4인,언더독 게임즈,완료,완료,완료,완료,완료,X,완료,X,,,,완료,,,,,,,완료,완료,완료,완료,,,완료,,"감독, 귤젤리"
33,테르모필라이의 협잡꾼,7인,언더독 게임즈,완료,X,완료,완료,완료,완료,완료,완료,,완료,완료,,,,,,,,완료,완료,완료,완료,,,완료,,감독
34,이프 : 새벽의 조우,2인,딜라이트,완료,완료,완료,,완료,X,완료,X,,,,,,,,,,,,완료,완료,,,,,,감독
35,이프 : 호텔 살인사건,2인,딜라이트,완료,완료,완료,,완료,X,완료,X,,,,,,,,,,,,완료,완료,,,,,,감독
36,인사이드 팩트 : 낙원의 밤,2인,딜라이트,X,완료,완료,,완료,X,,X,,,,,,,,,,,,완료,완료,,,,,,"감독,콩난"
37,인사이드 팩트 : 무너져가는 고성에서 피어나는것은,2인,딜라이트,X,완료,X,,완료,X,,X,,,,,,,,,,,,완료,완료,,,,,,"감독,콩난"
38,인사이드 팩트 : 제아의 눈,2인,딜라이트,X,완료,완료,,완료,X,완료,X,,,,,,,,,,,,완료,완료,,,,,,"감독,콩난"
39,인사이드 팩트2 : 날씨는 맑음,2인,딜라이트,완료,완료,완료,,완료,X,완료,X,,,,,완료,완료,,,,,완료,완료,완료,,,,,,"감독,콩난"
40,인사이드 팩트2 : 카르마,2인,딜라이트,X,완료,완료,,완료,X,완료,X,,,,,,,,,,,완료,완료,완료,,,,,,"감독,콩난"
41,인사이드 팩트2 : missing,2인,딜라이트,X,완료,X,,완료,X,,X,,,,,,,,,,,완료,완료,완료,,,,,,"감독,콩난"
42,인사이드 팩트3 : 마지막 베팅,2인,딜라이트,X,완료,X,,완료,X,,X,,,,,,,,,,,완료,완료,완료,,,,,,"감독,콩난"
43,인사이드 팩트3 : 반짝반짝 빛나는,2인,딜라이트,완료,완료,완료,,완료,X,,완료,,,,,,,,,,,완료,완료,완료,,,,,,"감독,콩난"
44,인사이드 팩트3 : 삼지도,2인,딜라이트,완료,완료,완료,,완료,X,완료,X,,,,,,,,,,,완료,완료,완료,완료,,,,,"감독,콩난"
45,데스트루도,5인,언더독 게임즈,완료,X,완료,,완료,완료,완료,완료,,완료,,완료,완료,완료,,,,,완료,X,X,,,,완료,,귤젤리
46,폭풍과 함께 마왕이 오셨도다,4인,언더독 게임즈,X,X,X,,완료,X,완료,X,,,,,완료,,,,완료,,완료,X,X,완료,,,,,감독
47,데스게임-데스테스트: 기억 잃은 답안,4인,언더독 게임즈,완료,X,X,,완료,X,,X,,,,완료,,,,,,,,완료,완료,,,,,,감독
48,마법사와 잠자는 숲,2인,언더독 게임즈,완료,완료,완료,,X,완료,완료,완료,,,,완료,,,,,,,,완료,완료,,,,,,"감독, 귤젤리"
49,비틀거리는 카나리아에게,2인,언더독 게임즈,완료,완료,X,,완료,완료,완료,,,,완료,,,,완료,완료,,,,완료,완료,,,,,,"감독, 귤젤리"
50,캐치 크라임 : 귀곡산장 살인사건,3-4인,딜라이트,완료,X,X,완료,완료,X,,완료,,,,,완료,,,,,,,X,X,,,,완료,,"감독,콩난"
51,캐치 크라임 : 복덕방 살인사건,3-4인,딜라이트,완료,X,X,완료,완료,X,,완료,,,,,완료,,,,,,,X,X,,,,완료,,"감독,콩난"
52,"오늘, 벚꽃이 죽어버렸다",5인,딜라이트,X,X,,완료,완료,X,완료,완료,,,,,,,,,,,,X,X,완료,,,,,"감독,콩난"
53,파랑새,4인,딜라이트,X,X,,,완료,완료,,완료,,완료,,,완료,,,,,,,완료,완료,완료,,,,,감독
54,탁상탐정단 : 진홍의 골동품,1-4인,딜라이트,완료,완료,완료,완료,완료,완료,완료,X,,,,,완료,완료,완료,,,,,X,완료,완료,,,완료,,감독
55,탁상탐정단 : 그랜드 호텔 듀엣,1-4인,딜라이트,완료,완료,완료,완료,완료,완료,완료,완료,,,,완료,,,완료,,완료,완료,,완료,완료,완료,,,완료,,감독
56,탁상탐정단 : 너무도 많이 죽은 남자,1-4인,딜라이트,완료,완료,완료,,완료,완료,완료,X,완료,,완료,완료,,,완료,,,,,완료,완료,완료,,,완료,,감독
57,탁상탐정단 : 살인 랜드로 초대합니다,1-4인,딜라이트,완료,완료,완료,,완료,X,,X,,,,,,,,,,,완료,완료,완료,완료,,,,,감독
58,탁상탐정단 : 황혼에 웃는 소녀,1-4인,딜라이트,완료,완료,완료,,완료,X,완료,X,완료,완료,,완료,,,완료,,완료,완료,,완료,완료,완료,,,,,감독
59,탁상탐정단 : 얼굴 없는 앨리스,1-4인,딜라이트,완료,완료,완료,,X,완료,완료,완료,,,완료,,,,완료,,,,,X,X,완료,,,,,감독
60,탁상탐정단 : 레드 스마일,1-4인,딜라이트,X,X,,,,,,,,,,,,,,,,,,완료,완료,완료,,,,,감독
61,탁상탐정단 : 사신들의 진혼가,1-4인,딜라이트,완료,완료,완료,,,,완료,,,,,,,,,,,,,X,X,완료,,,,,감독
62,운명의세여신: 베르단디,4인,미스터리게임즈,완료,완료,완료,완료,완료,X,완료,완료,완료,완료,완료,완료,,,,,,,완료,완료,완료,완료,,,완료,,감독
63,운명의세여신: 스쿨드,4인,미스터리게임즈,완료,완료 ,완료,X,완료,X,완료,완료,완료,완료,완료,완료,,,,,,,완료,완료,완료,완료,,,완료,,감독
64,운명의세여신: 우르드,4인,미스터리게임즈,완료,완료,완료,X,완료,X,완료,완료,완료,완료,완료,완료,,,,,,,완료,완료,완료,완료,,,완료,,감독
65,보통의 머더 미스터리,5인,미스터리게임즈,완료,완료,완료,,완료,완료,완료,X,완료,,완료,완료,,,완료,완료,완료,완료,완료,완료,X,,완료,,완료,,"감독,콩난"
66,살인라이브,5인,미스터리게임즈,완료,완료,완료,완료,완료,X,완료,X,,,,,,,,,,,완료,완료,완료,완료,,,,,"감독,콩난"
67,그림자찾기,6인,미스터리게임즈,완료,완료,완료,완료,완료,완료,완료,완료,완료,완료,,완료,,,,,,,,완료,완료,완료,,,완료,,"감독,콩난"
68,에이다,5인,미스터리게임즈,완료,완료,완료,완료,완료,완료,완료,X,,완료,,,,,,,,,,완료,완료,완료,,,완료,,"감독,콩난"
69,데드박스,2인,미스터리게임즈,완료,완료,완료,,완료,X,,X,,,,완료,,,,,,,완료,완료,완료,,,,,,감독
70,양심의 기생 (GM.필수),3인+GM필수,미스터리게임즈,완료,X,완료,완료,완료,완료,완료,X,,완료,완료,,,,,,,,완료,완료,완료,,,,완료,,감독
71,새장 속 제비는 꿈을 꾼다,7-9인,미스터리게임즈,완료,완료,완료,완료,완료,X,완료,완료,완료,완료,,완료,,,,,완료,완료,,X,X,완료,완료,완료,,,감독
72,4명의 탐정과 물의 유령,9인,미스터리게임즈,X,X,X,,완료,X,완료,X,,,,,,,,완료,,,,X,X,완료,,,,,감독
73,숨겨진 이야기 H,4인,미스터리게임즈,X,X,,,완료,X,완료,X,,,,,,,,,,,,X,X,완료,,,,,감독
74,"개화, 꽃피우다",4인,미스터리게임즈,X,X,,,완료,X,완료,X,,,,,,,,,,,,X,X,완료,,,,,감독
75,무녀마을: 금기의 저주,6인,미스터리게임즈,완료,완료,완료,완료,완료,완료,완료,X,,완료,,,,,완료,,,,완료,X,X,완료,,,,,감독
76,Y의 장례식,4인,카드캐슬,완료,X,완료,,완료,완료,,X,,완료,완료,,,,,,,,,완료,완료,,,,완료,,감독
77,J.모리아티의 암약,4인,카드캐슬,완료,완료,완료,,완료,완료,완료,완료,,완료,완료,완료,완료,,,,완료,완료,완료,완료,완료,완료,,,완료,,감독
78,고대의 존재에게 신성모독의 제물을,4인,카드캐슬,완료,완료,완료,,완료,X,,X,,,,,,,,,,,,X,X,,,,,,감독
79,유령섬 살인사건,4인,카드캐슬,완료,완료,,,완료,X,,X,,,,,,,,,,,,X,X,,,,,,감독
80,유령섬 살인사건 Next loop,4인,카드캐슬,완료,완료,,,완료,X,,X,,,,,,,,,,,,X,X,,,,,,감독
81,유령섬 살인사건 Final loop,4인,카드캐슬,완료,완료,,,완료,X,,X,,,,,,,,,,,,X,X,,,,,,감독
82,유령섬 살인사건 Befoe loop,4인,카드캐슬,완료,완료,,,완료,X,,X,,,,,,,,,,,,X,X,,,,,,감독
83,우주 고릴라 팬데믹!,4인,카드캐슬,X,X,,완료,완료,X,,X,,,완료,,,,,,,,,X,완료,완료,,,,,
84,몽환의 세계와 비밀의 사랑,4인,카드캐슬,완료,완료,에러플💦,,완료,X,,X,에러플💦,,에러플💦,,,,,,,,완료,완료,완료,,,,완료,,감독
85,목 베는 마을,5인,카드캐슬,완료,완료,완료,완료,완료,완료,완료,완료,,완료,,완료,완료,완료,완료,,,,완료,X,X,완료,,,완료,,"고래,감독"
86,망자의 진술,5인,카드캐슬,X,X,,,X,X,,X,,,,,,,,,,,,X,X,,,,,,
87,은하의 저편에,5-6인,카드캐슬,X,X,,,완료,X,,X,,,,,,,,,,,,X,X,,,,,,
88,마지막 문화제,6인,카드캐슬,X,X,,완료,X,완료,,X,,,,,,,,,,,,X,X,,,,,,
89,라스트 미스틱,6인,카드캐슬,완료,완료,완료,,완료,완료,완료,X,,,,,,,,,,,,X,X,,,,,,
90,미스터리 파티 시리즈 : 구두룡 저택의 살인,7-9인,MTS 게임즈,완료,완료,완료,완료,완료,X,완료,완료,,완료,완료,,,,,,,,완료,완료,완료,완료,완료,완료,완료,,감독
91,미스터리 파티 시리즈 : 늑대인간 마을의 축제,7-8인,MTS 게임즈,완료,완료,완료,완료,완료,X,완료,완료,완료,완료,,,,,,,,,완료,완료,완료,완료,,완료,완료,,감독
92,미스터리 파티 시리즈 : 몇 번이고 푸른 달에 불을 붙였다,6-7인,MTS 게임즈,완료,완료,완료,완료,완료,완료,완료,완료,완료,완료,완료,,완료,,완료,,,,완료,완료,완료,완료,완료,완료,완료,,감독
93,미스터리 파티 시리즈 : 용사가 죽었다,6-8인,MTS 게임즈,완료,완료,완료,완료,완료,완료,완료,X,완료,,완료,,완료,완료,완료,완료,,,완료,완료,완료,완료,완료,,완료,,감독
94,미스터리 파티 시리즈 : 죄와 벌의 도서관,5-6인,MTS 게임즈,완료,X,완료,완료,완료,완료,완료,완료,완료, ,,,,,,완료,완료,,완료,완료,완료,완료,,,완료,완료,감독
95,미스터리 파티 시리즈 : 끝나지 않은 한여름,8-9인,MTS 게임즈,완료,완료,완료,X,완료,완료,완료,완료,완료,, 완료,,,,,,,,,완료,완료,완료,,,,,감독
96,미스터리 파티 시리즈 : 다크 율에 속죄를,7-9인,MTS 게임즈,X,X,,,완료,,완료,,,,,,,,,완료,,,,X,X,완료,,,,,감독
97,미스터리 파티 시리즈 : 게놈의 탑,7인,MTS 게임즈,X,X,,완료,완료,,,완료,,,,,,,완료,완료,,,,완료,완료,완료,,,완료,,"감독, 귤젤리"
98,미스터리 파티 시리즈 : 마녀는 황혼의 종에 사라진다,6-7인,MTS 게임즈,완료,완료,완료,,완료,,완료,,,,,,완료,,,완료,,,,완료,완료,완료,,완료,,,감독
99,"미스터리 파티 시리즈 : 기상천외, 암네시아",7인,MTS 게임즈,X,X,,,,,,,,,,,,,완료,,,,,X,X,완료,,,,,감독
100,미스터리 파티 시리즈 : 흰 까마귀. 붉게 물들다,6-7인,MTS 게임즈,X,X,,,,,,,,,,,완료,,완료,,,,,X,X,완료,,,,,감독
101,미스터리 파티 시리즈 : 강변 밤의 꿈,6-7인,MTS 게임즈,X,X,,,,,,,,,,,,,,,,,,X,X,완료,,,,,감독
102,미스터리 파티 시리즈 : 머더 미스터리 오브 더 데드,7-8인,MTS 게임즈,X,X,완료,,,,,,,,,,,,,,,,,완료,완료,완료,,,,,감독
103,미스터리 파티 시리즈 : 별빛 하늘에 소망을,6-7인,MTS 게임즈,X,X,,,,,완료,,,,,,,,,,,,,X,X,완료,,,,,감독
104,미스터리 파티 시리즈 : 알바트로스의 황금비,5-6인,MTS 게임즈,완료,완료,완료,,,,완료,,,,,,,,,,,,,완료,X,완료,,,,,감독
105,죽음을 잇는 저택 신전,4인,Hoodied,완료,완료,완료,,완료,X,,X,,,,,,,,,,,완료,X,X,,,,,,감독
106,"파란, 배신의 물결",4인,,완료,완료,완료,,완료 ,,,,완료,,,,,완료,,완료,,,,완료,X,완료,,,,,감독
107,화가의 마지막 메시지,4인,,완료,완료,,,완료 ,,,,,,,완료,,,,,,,완료,X,X,완료,,,완료,,감독
108,버틀런트 저택의 비밀,7인,사건의 지평선,완료,완료,완료,완료,완료,완료,완료,완료,완료,완료,완료,완료,완료,완료,완료,완료,,,,X,X,완료,,,완료,,감독
109,사라진 왕관,3인,,X,X,,,완료 ,,,,,,,,,,,,,,,X,X,,,,,,감독
110,S의 죽음,3인,사건의 지평선,완료,X,,,X,X,,X,,,,,,,,,,,,X,X,,,,,,감독
111,백귀야행,6인,사건의 지평선,완료,완료,완료,,X,완료,완료,완료,완료,완료,,,완료,완료,완료,완료,,,완료,완료,완료,,,,,,감독
112,햇살고아원,6인,사건의 지평선,X,X,,,X,완료,완료,X,,완료,,,,,,,,,,완료,완료,,,,,,감독
113,최후의 마을,7인,사건의 지평선,완료,X,완료,,완료,완료,완료,완료,완료,완료,,,완료,완료,완료,완료,,,,완료,완료,완료,,,,,"감독, 콩난"
114,보물섬,7인,사건의 지평선,완료,완료,완료,,완료,완료,완료,완료,완료,완료,,,완료,,,완료,,,,예정,예정,완료,완료,완료,완료,,"감독, 콩난"
115,서스펙트 게임 : J의 비극,4인,코리아보드게임즈,완료,완료,완료,완료,완료,완료,,X,완료,,,,,,,,,,,완료,완료,,,완료,완료,,"감독,귤젤리"
116,서스펙트 게임 : 먹이사슬,4인,코리아보드게임즈,완료,완료,,완료,완료,X,,X,완료,,,,,,,,,,,완료,완료,,,완료,완료,,"감독,귤젤리"
117,서스펙트 게임 : 증명종료,4인,코리아보드게임즈,X,완료,,완료,완료,X,완료,X,완료,,,,,,,,,,,완료,완료,,,,,,"감독,귤젤리"
118,서스펙트 게임 : 카르텔,4인,코리아보드게임즈,X,완료 ,,완료,완료,X,완료,X,완료,,,,,,,,,,,완료,완료,,,,,,"감독,귤젤리"
119,서스펙트 게임 리로드,3인,코리아보드게임즈,완료,완료,완료,완료,완료,완료,완료,X,완료,,완료,완료,완료,,,완료,완료,완료,,완료,완료,,,,,,"감독,귤젤리"
120,알리바이 : 나일강 살인사건,4-6인,코리아보드게임즈,X,X,완료,,완료,X,완료,X,완료,,,,,,,,,,,X,X,,,완료,,,"감독,귤젤리"
121,알리바이 : 마지막 한 입,4-6인,코리아보드게임즈,X,X,,,완료,X,,X,완료,,,,,,,,,,,X,X,,,,,,"감독,귤젤리"
122,알리바이 : 명문가에 흐르는 피,4-6인,코리아보드게임즈,X,X,,,완료,X,,X,완료,,,,,,,,,,,X,X,,,,,,"감독,귤젤리"
123,미스터리 포켓 : 막이 내리다,1-6인,코리아보드게임즈,완료,완료,완료,완료,완료,X,완료,X,,,완료,,,,,,,,,X,X,,,,,,"감독,귤젤리"
124,전지적 추리 시점,2-4인,코리아보드게임즈,완료,X,완료,,완료,완료,완료,,완료,,완료,,,,,,,,,X,X,완료,,,,,귤젤리
125,뻐꾸기 새X는 울지 않는다,5인,프로젝트 고구마,완료,X,완료,완료,완료,X,완료,완료,,,완료,,,완료,,,,,완료,X,X,,,완료,완료,,"감독, 고래"
126,해피쏘머치,4인,프로젝트 고구마,완료,X,완료,,완료,X,완료,완료,,,,완료,완료,,,,완료,완료,,X,X,완료,,,완료,,감독
127,비더리타,5인,프로젝트 고구마,완료,X,완료,,완료,X,완료,X,완료,완료,완료,갓겜,완료,,,,완료,완료,,X,X,,,,완료,,감독
128,BUT,5인,프로젝트 고구마,완료,X,,,완료,완료,완료,완료,,완료,,,,,,,,,,완료,완료,,,,,,감독
129,그렇게 X는 다시 태어났다,5인,프로젝트 고구마,X,X,완료,완료,X,X,완료,X,,완료,,,완료,,완료,,,,,X,X,,,,,,감독
130,Disaster,3-4인,Deepmurder,완료,완료,완료,,완료,완료,완료,완료,완료,,,완료,완료,,,,,,,X,X,,,,완료,,감독
131,Terror : 욕심,1-4인,Deepmurder,X,X,,,X,X,완료,X,완료,,,,완료,,,,,,,X,X,,,,,,감독
132,Terror : 헌신,1-4인,Deepmurder,X,X,,,완료,X,완료,X,완료,,,,완료,,,,,,,X,X,,,,,,감독
133,얼어붙은 당신에게 6개의 등불을,6인,히트 게임즈(HIT Games),X,X,,,완료,X,완료,X,,완료,완료,,완료,,완료,완료,,,,완료,완료,,,,,,감독
134,마법학교의 혼혈아들이 금지된 마도서를 해독하려다 모두 죽은 사건,6인,히트 게임즈(HIT Games),X,X,완료,,완료,X,완료,X,완료,,,,완료,,,완료,,,,완료,완료,,,,,,감독
135,기명은 귀록에 두 번 오른다,4인,히트 게임즈(HIT Games),X,X,,,완료,X,,X,,,,,,,,,,,,X,X,,,,,,감독
136,바앤 호텔,4인,골든미스트,완료,X,X,완료,완료,X,,X,,,,,,,,,,,완료,X,X,,,,,,감독
137,암흑과 흑막,4인,골든미스트,완료,X,X,완료,완료,X,,X,,,,,,,,,,,완료,X,X,,,,,,감독
138,사라진 수영복과 하늘을 나는 물고기,5인,아이프롬 게임즈,완료,완료,완료,완료,완료,X,완료,X,완료,,,,완료,,,,,,,X,X,,완료,완료,,,"감독,콩난"
139,로나에나 -재앙의 선물,5인,아이프롬 게임즈,완료,X,완료,,완료,X,완료,X,,,,완료,,,,,,,,X,X,,,,,,"감독,콩난"
140,"빨간모자,무도회에서 시체와 만나다",4인,아이프롬 게임즈,X,X,,,X,완료,,X,,,,,,,,,,,,X,X,,,,,,감독
141,탐정사무소 1 오페라 살인사건,4-5인,퍼즐팩토리,완료,완료,완료,,완료,X,,완료,,,,,,,,,,,,X,완료,완료,,,,,"감독,콩난"
142,탐정사무소 2 섬마을 살인사건,4인,퍼즐팩토리,완료,완료,완료,,완료,X,,X,,,완료,,완료,,,,,,,X,완료,완료,완료,,,,"감독,콩난"
143,미스터리 로얄 CASE 01 : 헌티드 할로우 호텔,1-4인,다이브시어터,X,X,,,X,X,,X,,,,,,,,,,,,X,X,,,,,,감독
144,미스터리 로얄 CASE 02 : 메이즈 뮤지엄,1-4인,다이브시어터,X,X,,,X,완료,완료,X,,,,,,,,,,,,X,X,,,,,,"감독,귤젤리"
145,미스터리 로얄 CASE 03 : 크리피 크레이지 크루즈,1-4인,다이브시어터,X,X,,,,,,,,,,,,,,,,,,X,X,,,,,,감독
146,미스터리 로얄 CASE 04 : 데드맨즈 더블 다운,1-4인,다이브시어터,X,X,,,,,,,,,,,,,,,,,,X,X,,,,,,감독
147,해독불가 트로이메라이,3인,다이브시어터,완료,완료 ,완료,,완료,완료,완료,완료,완료,,완료,완료,,,,,완료,완료,완료,완료,완료,,,,완료,,"감독, 귤젤리"
148,블루 노트보다 창백한,5인,다이브시어터,X,X,,,,,,,,,,,,,,,,,,X,X,완료,,,,,"감독, 귤젤리"
149,"실험실, 소란",4인,BTF,완료,X,완료,,완료,X,완료,X,완료,,,,,,,,,,완료,완료,완료,,,,,,"감독,콩난"
150,기억저장장치,4인,BTF,완료,X,완료,완료,완료,완료,완료,완료,,,,,,,,,,,완료,완료,완료,,,,완료,,감독
151,주마등은 흰색으로 빛난다,3인,BTF,완료,X,완료,,완료,X,완료,X,,,,완료,,,,,완료,완료,,완료,완료,,,,완료,,감독
152,작가와의 만남,5인,두유게임즈,X,X,완료,,완료,X,완료,X,,,완료,,,,,,,,완료,X,X,,,,,,감독
153,불꽃놀이,5인,두유게임즈,X,X,완료,,완료,X,완료,X,,,완료,,,,,,,,완료,X,X,,,,,,감독
154,DEJAVU,3인,소하,완료,완료,X,,완료,완료,완료,완료,,,,완료,,,,,완료,완료,,완료,완료,,,,완료,,감독
155,저승으로부터의 편지,4인+GM필수,소하,완료,X,완료,완료,완료,완료,완료,완료,,완료,,,완료,,완료,,,,,X,X,,,,,,감독
156,별빛 우주 페러렐 라인,5인,Brown Studio,완료,X,완료,,완료,완료,완료,완료,완료,,,,,,,,,,완료,X,X,,,,,,감독
157,기울어진 천칭의 운명,4인,Brown Studio,완료,완료,완료,,완료,완료,완료,완료,,완료,,,,,완료,,,,완료,X,X,,,,,,감독
158,0719: 낙하를 향하는 두 개의 수,4인,Brown Studio,X,X,,,완료,X,완료,X,,,,,,,,완료,,,,X,X,완료,,,,,감독
159,DDG 미스터리 시리즈 : 산중호걸,4-5인,두더지게임즈,완료,X,완료,,완료,완료,완료,X,완료,,완료,,완료,,,,,,,완료,완료,,,,,,감독
160,DDG 미스터리 시리즈 : 테러라이즈,4-5인,두더지게임즈,완료,완료,완료,,완료,완료,,X,,,,,완료,,완료,,,,,X,X,,,,,,감독
161,DDG 미스터리 시리즈 : 552111152,5-6인,두더지게임즈,완료,완료,완료,완료,완료,완료,완료,완료,완료,완료,,완료,완료,,,,완료,완료,,X,X,,,,,,감독
162,무경고등학교,6인,보틀링컴퍼니,완료,완료,완료,X,완료,완료,완료,완료,완료,완료,,완료,완료,,완료,,완료,완료,,X,X,,,,완료,,"감독, 콩난, 귤젤리"
163,문어 형님 타코야끼 조리 사건,4인,보틀링컴퍼니,X,X,완료,완료,완료,X,완료,,,,,,,,,,,,,완료,완료,,,,,,감독
164,크림향 낭자한 만쥬의 죽음,4인,보틀링컴퍼니,X,X,완료,완료,완료,X,완료,,,,,,,,,완료,,,,완료,완료,,,,,,감독
165,호텔레드럼 : 노란 죽음,5인,827112,완료,X,완료,X,완료,완료,,X,,,,,,,,,,,,X,X,,,,,,감독
166,호텔레드럼 : 푸른 죽음,5인,827112,완료,X,완료,X,완료,완료,,X,,,,,,,,,,,,X,X,,,,,,감독
167,달마저 숨은 밤,4인,이작가,완료,완료,완료,X,완료,완료,완료,X,완료,,,,완료,완료,,,완료,완료,완료,X,X,,,,,,감독
168,여우잡이,4인,이작가,완료,완료,완료,완료,완료,완료,완료,,,,,,,,,,,,,X,X,완료,,,,,감독
169,오마주 : 미술관 살인사건,4인,AUSPICIOUS,완료,완료,완료,X,완료,X,,X,완료,,,,,,,,,,,X,X,,,,,,감독
170,웸블리 타운의 친절한 이웃들: 웰시코기 살인사건,4인,AUSPICIOUS,완료,완료,완료,완료,완료,완료,완료,X,,,,,,,,,,,,X,X,,,완료,완료,완료,감독
171,사라진 선생님,5-6인,송원일,완료,X,완료,,완료,X,완료,X,,완료,,,,,완료,,,,,X,X,,,,,,
172,루시드,6-7인,송원일,완료,X,X,완료,완료,X,완료,X,,완료,완료,,완료,,완료,,,,,X,X,,,,,,
173,레거시,5인,송원일,X,X,X,완료,X,X,,X,,,,,,,,,,,,X,X,,,,,,
174,리그렛 지구편,5-6인,송원일,X,완료,X,,완료,X,,X,,,,,,,,,,,,X,X,,,,,,
175,리그렛 우주편,5-6인,송원일,X,완료,X,,완료,X,,X,,,,,,,,,,,,X,X,,,,,,
176,미스터리&어드벤처 박스 시리즈 01 분가,5-6인,언더독 게임즈,X,X,완료,,,,완료,,,완료,,,,,,,,,,완료,완료,완료,,,,,감독
177,미스터리&어드벤처 박스 시리즈 02 8월의 타임머신,6-7인,언더독 게임즈,X,X,,,,,,,,,,,,,,,,,,예정,예정,완료,,,,,감독
178,미스터리&어드벤처 박스 시리즈 03 귀면 도시 수사 File,6인,언더독 게임즈,X,X,,,,,,,,,,,,,,,,,,X,X,,,,,,감독
179,미스터리&어드벤처 박스 시리즈 04 탐정 금지 영역,6인,언더독 게임즈,X,X,,,,,,,,,,,,,,,,,,X,X,완료,,,,,감독
180,퇴사하려 했을 뿐인데 김부장이 죽은 건에 관하여,4-5인,TNT 게임즈,완료,X,완료,,완료,완료,완료,X,,,완료,완료,,,,,,,,완료,완료,,,,,,"감독, 귤젤리"
181,퇴사하자마자  하필 이세계 소환된 건에 관하여,4-5인,,X,X,,,,,,,,,,,,,,,,,,,,,,,,,
182,아테나 : 4%의 비밀,5인,보또,완료,완료,완료,완료,완료,완료,완료,X,완료,완료,,완료,완료,,,,완료,완료,,완료,완료,,,,완료,,"감독, 귤젤리"
183,천안대학교 민속학연구동아리 활동보고서 #벌명당산,4인+GM필수,쿠키박스,X,X,X,,X,X,,X,,,,,,,완료,,,,,X,X,,,,,,감독
184,더 블랙 결혼식장 살인사건,4-5인,발할라,X,X,X,,완료,X,,X,,,,,,,,,,,,X,X,,,,,,
185,무진 -불신지옥-,4인,이데아(Idea),완료,완료,완료,,X,X,완료,X,,,,,,,,,,,,X,X,,,,완료,,감독
186,무령,4-5인,팀 임스(Team IMS),완료,완료,완료,,완료,완료,완료,X,완료,,완료,,완료,완료,,,,,완료,X,X,완료,,,,,감독
187,프로젝트 노아,4인,3B게임즈,완료,완료,완료,완료,완료,X,완료,X,완료,,완료,,,,,,,,,X,X,,,,완료,,감독
188,감자의 꿈,5인,째리노리,완료,완료,완료,완료,완료,완료,완료,완료,,,완료,완료,,,완료,,완료,완료,완료,완료,완료,완료,,,완료,,감독
189,달콤한 노랑,5인,째리노리,X,X,,,완료,완료,완료,,,,,,,,,완료,,,,완료,완료,,,,,,"감독,귤젤리"
190,로맨스 판타지 세계에서 살아남는 방법에 대하여,5인,초하,완료,완료,완료,,완료,완료,완료,완료,완료,,,완료,완료,완료,,,,,완료,예정,예정,,완료,완료,,완료,감독
191,설령 테세우스의 배의 작은 얼룩에 불과할지라도,5인,,X,X,완료,,,,완료,완료,,,,,,,,완료,,,,완료,완료,,,,,,감독
192,별의 추락,4인,이리스 연대기,X,완료,,,완료,X,완료,X,완료,,,,,,,,,,,완료,완료,,,,,,감독
193,사해,5인,DION,완료,완료,완료,,완료,X,완료,X,,완료,,,,,,완료,,,,완료,완료,완료,,,,,감독
194,동상이몽,6인,789게임즈,완료,X,완료,완료,완료,완료,완료,X,,완료,,,완료,,,,,,,X,X,,,,,,감독
195,일백마을 살인사건,4-5인,에브리위크 게임즈,완료,완료,완료,,완료,완료,완료,완료,완료,,완료,완료,,,완료,완료,,,,완료,완료,완료,,,완료,,감독
196,메모리즈 : 용사님을 찾습니다,5인,베어컴퍼니,완료,완료,완료,,완료,완료,완료,X,,,,,,,,,,,완료,X,X,,,,완료,,감독
197,메모리즈 : 동화 작가의 죽음,5인,베어컴퍼니,완료,완료,완료,,완료,완료,완료,X,,,,,,,,,,,완료,X,X,,,,완료,,감독
198,메모리즈 : 메모리즈,5인,베어컴퍼니,완료,완료,완료,,완료,완료,완료,X,,,,,,,,,,,완료,X,X,,,,완료,,감독
199,이세계를 구할 완벽한 파티입니다만...?,4인,보드게임카페 미플,완료,완료,완료,,완료,완료,완료,X,,완료,,완료,완료,,,완료,완료,완료,,완료,완료,완료,,,,,감독
200,형사들의 유배지,1-6인,추정 프로젝트,X,X,X,,완료,X,,X,,,,,,,,,,,,X,X,,,,,,감독
201,럭키언럭키,5인,솜니움,X,X,2/3,,완료,2/3,2/3,X,,,2/3,,,,,,,,,X,X,,,,,,감독
202,아스모데우스의 만찬,4인,,X,X,X,,X,X,,,,,,,,,,,,,,X,X,,,,,,감독
203,영원한 졸업식,5인,난수박물관,X,X,완료,,완료,완료,완료,,,,,,,,,,,,,완료,완료,,,,,,"감독, 귤젤리"
204,여름방학의 흡혈귀,4인+GM필수,난수박물관,X,X,,,,,,,,,,,,,,,,,,X,X,,,,,,"감독, 귤젤리"
205,늑대 무리속의 침묵,6인,My murder story,완료,완료,완료,,완료,완료,,X,,,,,,,,,,,,X,X,완료,,,,,감독
206,껍질 속 세상 (GM필수),7-8인+GM필수,사월 게임즈,완료,완료,완료,,완료,X,완료,완료,완료,완료,,,완료,완료,완료,,완료,완료,,완료,완료,완료,완료,완료,,,감독
207,"달님, 제 소원을 들어주세요",6인,버수정류장,완료,완료,완료,완료,완료,X,,X,완료,,,,,,,,,,완료,X,X,,,,,,감독
208,아스토리아의 표징,5인,괴담동아리 공채,완료,X,X,,,X,완료,X,,,,,완료,완료,완료,,,,,X,X,완료,완료,,,완료,감독
209,암행,1-4인,,완료,완료,완료,,완료,완료 ,완료 ,완료,,,완료,,완료 ,,,,,,,완료,완료,완료,,,,,감독
210,어느 괴도의 딜레마,2인,,완료,완료,완료,,완료,X,완료,완료,,완료,,완료,,,,,완료,완료,완료,완료,완료,,,,,,감독
211,D'tective T'me - 두 개의 시간,2-4인,,X,X,,,X,X,,,,,,,,,,,,,,X,X,,,,,,감독
212,판도라의 택배,5인,,X,X,완료,,완료,X,완료,완료,,,,,,,,,,,,완료,완료,완료,,,,,감독
213,당신은 탐정입니다,1-4인,,X,X,,,X,,,,,,,,,,,,완료,완료,,X,X,,,,,,감독
214,오늘 내가 죽었다,5인,Team GRK,X,X,,,완료,완료,완료,,,,,,,,,완료,,,,X,X,완료,,,,,"감독, 귤젤리"
215,우물에 깃든 소리,4인,,완료,완료,완료,,완료,,완료,,,,,,,,,,,,,X,X,,,,,,감독
216,그날이 오면,4인,,완료,완료,완료,,완료,,완료,,,,,,,,,,,,,X,X,,,,,,감독
217,레드썬 : 마지막 테이크,4인,,X,X,,,,,,,,,,,,,,,,,,X,X,,,,,,감독
218,검은훈장 : 기록 없는 과거,4인,,X,X,,,,,,,,,,,,,,,,,,X,X,,,,,,감독
219,범인은 이 안에 있다,1-6인,딜라이트,X,X,,,,,,,,,,,,,,,,,,X,X,,,,,,감독
220,사라진 귀걸이를 찾아라,4인,,완료,완료,완료,,완료,완료,완료,완료,,,,,완료,,,,,,,완료,완료,,,,,,"감독, 귤젤리"
221,결백의 헌티드 파티,1인,,X,X,완료,,,,,,,,,,,,,,,,,완료,완료,,,,,,감독
222,순간 이동으로 사라진 시체와 경성 데모크라시,1인,,X,X,,,,,,,,,,,,,,,,,,완료,완료,,,,,,감독
223,작전명 너구리,4-5인,,완료,X,완료,,,,완료,완료,완료,,완료,완료,완료,완료,,,,,완료,X,X,완료,,,,,감독
224,타워,4인,,X,X,,,,,,,,,,,,,,,,,,완료,완료,,,,,,감독
225,지구에서 사랑을 담아,7인,,X,X,,,,,,,,,,,,,,,,,,예정,예정,,,,,,감독
226,이 어둠을 당신과,6인,,X,X,,,,,,,,,,,,,,,,,,X,X,,,,,,"감독, 귤젤리"
227,유각관 살인,6인,,X,X,,,,,,,,,,,,,,,,,,X,X,,,,,,감독
228,코덱스 기가스 part.1,5인,,X,X,,,,,완료,,,,,,,,,,,,,X,X,완료,,,,,감독
229,코덱스 기가스 part.2,5인,,X,X,,,,,완료,,,,,,,,,,,,,X,X,완료,,,,,감독
230,랭던가의 망령,2인,,X,X,,,,,,,,,,,,,,,,,,X,X,,,,,,감독
231,잉크웰 디텍티브 클럽,1-4인,,X,X,,,,,,,,,,,,,,,,,,X,X,,,,,,감독
232,잉크웰 디텍티브 클럽 2 : 2번째 대본,1-4인,,X,X,,,,,,,,,,,,,,,,,,,,,,,,,감독
233,인클로즈드: 키노아이 연구회 사건,1-4인,,X,X,,,,,,,,,,,,,,,,,,X,X,,,,,,감독
234,인클로즈드: 초영하이츠 404호,1-4인,,X,X,,,,,,,,,,,,,,,,,,X,X,,,,,,감독
235,낮밤,1-4인,,X,X,,,,,,,,,,,,,,,,,,X,X,,,,,,감독
236,권력,1-4인,,X,완료,,,완료,완료,완료,,,,,,,,,,,,,X,X,,,,,,감독
237,붉은실 : 호랑이의 그림자,2-4인,,X,X,,,,,,,,,,,,,,,,,,X,X,,,,,,감독
238,붉은실 : 각자의 시선으로,2-4인,,X,X,,,,,,,,,,,,,,,,,,X,X,,,,,,감독
239,붉은실 : 오래된 참나무,2-4인,,X,X,,,,,,,,,,,,,,,,,,X,X,,,,,,감독
240,포켓 미스터리 선주민이 전하는 참극,2인,언더독 게임즈,X,X,,,,,,,,,,,,,완료,,,,,예정,예정,,,,,,감독
241,포켓 미스터리 이중 인격 탐정,2인,언더독 게임즈,완료,완료,,,,,,,,,,,,,완료,,,,,완료,완료,,,,,,감독
242,포켓 미스터리 흑백 안드로이드,2인,언더독 게임즈,X,완료,완료,,,,,,,,,,,,,,,,,예정,예정,,,,,,감독
243,포켓 미스터리 저승으로의 심판,3인,언더독 게임즈,X,완료,,,,,,,,,,,,,,,,,,X,완료,,,,,,감독
244,포켓 미스터리 미스터리 동아리 내 연속 살인,3인,언더독 게임즈,X,완료,,,,,,,,,,,완료,,,,,,,X,X,,,,,,감독
245,포켓 미스터리 대괴도의 떡잎들,3인,언더독 게임즈,X,완료,,,,,,,,,,,완료 ,,,,,,,X,X,,,,,,감독
246,포켓 미스터리 미드나이트 매드 캠프,3인,언더독 게임즈,X,완료,,,,,,,,,,,,,,,,,,X,X,,,,,,감독
247,포켓 미스터리 여신상이 염려하는 미래,3인,언더독 게임즈,X,완료,,,,,,,,,,,,,,,,,,X,완료,,,,,,감독
248,이스터에그 ver.1 NPC로 숨어든 플레이어,4-5인,,X,X,,,,,완료,,,,,,,,완료,,,,,예정,예정,완료,,,,,감독
249,이스터에그 ver.2 플레이어 살인 사건,4-5인,,X,X,,,,,완료,,,,,,,,완료,,,,,X,X,완료,,,,,감독
250,이스터에그 ver.3 몬스터 브레이크,5인,,X,X,,,,,,,,,,,,,,,,,,X,X,완료,,,,,감독
251,선상의 비밀 : 의심의 닻을 내리다,4인,,X,X,,,,,,,,,,,,,,,,,,X,X,,,,,,감독
252,미스터리 잼 - 슬럼독스,4인,,X,X,,,,,완료,,완료,,,,,,,,,,,X,X,,,,,,감독
253,미스터리 잼 - 탐정은 춤춘다,4인,,X,X,,,,,완료,,완료,,,,,,,,,,,X,X,,,,,,감독
254,포르투나호 살인사건,4인,,X,완료,,,완료,완료,완료,,,,,,,,,,,,,X,X,,,,,,"감독, 귤젤리"
,마지막 여행,6인,,완료,X,완료,,,,완료,완료,완료,완료,완료,,완료,완료,완료,완료,,,,X,X,완료,,,,,귤젤리(콩난 대여중)
,심해의 사계,7인,,X,X,,,,,,,,,,,,,,,,,,완료,완료,완료,,,,,감독
,스모킹 건 - 뮤지컬펜션 살인사건,5인,,X,X,,,,,,,,,,,,,,,,,,X,X,,,,,,감독
,스모킹 건 - 절벽산장 살인사건,4-5인,,X,X,,,,,,,,,,,,,,,,,,X,X,,,,,,감독
,TOUCH (한정판),5인,,X,X,,,완료,,,,,,,,,,,,,,,X,X,,,,,,감독
,GHOST,2인,,X,X,,,,,,,,,,,,,,,,,,X,X,,,,,,감독
,CLEAR,2인,,X,X,,,,,,,,,,,,,,,,,,X,X,,,,,,감독
,Decalcomanie,2인,,X,X,,,,,,,,,,,,,,,,,,X,X,,,,,,감독
,침식,6인,,X,X,,,,,,,,,,,,,,,,,,X,X,,,,,,감독
,북부 대공을 암살하는 법,5인,,X,X,,,,,,,,,,,,,,,,,,X,X,,,,,,감독
,도플갱어,4인,,X,X,,,,,,,,,,,,,,,,,,X,X,,,,,,감독
,기억 속의 너,2인,,X,X,,,, ,,,,,,,,,,,,,,X,X,,,,,,감독
,진실의 방,1인,,X,X,,,,,,,,,,,,,,,,,,X,X,,,,,,감독
,괴조는 깊은 탄식의 끝에,4인,,X,완료,완료,,,완료,,완료,완료,완료,,,완료,,완료,,,,,완료,완료,,,,,,감독
,Santa X Escape,1인,,X,X,,,,,,,,,,,,,,,,,,X,X,,,,,,감독
,머더미스터리 조선 : 왕비의 독살,4인,,X,X,,,,,,,,,,,,,,,,,,예정,예정,,,,,,감독
,눈이 멈추기 전에,5인,,X,X,,,,,,,,,,,,,,,,,,X,X,,,,,,감독
,종이 울릴 때 까지 신데렐라,6인,,X,X,,,,,,,,,,,,,,,,,,X,X,,,,,,감독
,탐욕 PART.01,4인,,X,X,,,,,,,,,,,,,,,,,,X,X,,,,,,감독
,남쪽 하늘의 폴라리스,4인,,X,X,,,,,,,,,,,,,,,,,,X,X,,,,,,감독
,경성 30 불온한 자는 명랑하라.,5-6인,,X,X,,,,,,,,,,,,,,,,,,X,X,,,,,,감독
,뱀이 죽은 축제,4인,,X,X,,,,,,,,,,,,,,,,,,X,X,,,,,,감독
,,,,,,,,,,,,,,,,,,,,,,,X,X,,,,,,